Patch ID,Execution,Task Name,Topology,Test,Node,Average Growth in /data/dbs/ (bytes/s),End size of /data/dbs/ (bytes)
65007a8ae3c33107e3204774,0,qe_range_testing_workloads_evergreen_experiment1_1_c0_s1_ub131071,linux-1-node-replSet-fle.2022-11,qe_range_testing_workloads_evergreen_experiment1_1_c0_s1_ub131071 Storage Metrics,{"mongod": 0},27153.23455,20638228
65007a8ae3c33107e3204774,0,qe_range_testing_workloads_evergreen_experiment1_1_c0_s1_ub2147483647,linux-1-node-replSet-fle.2022-11,qe_range_testing_workloads_evergreen_experiment1_1_c0_s1_ub2147483647 Storage Metrics,{"mongod": 0},20955.89997,16362623
65007a8ae3c33107e3204774,0,qe_range_testing_workloads_evergreen_experiment1_1_c0_s1_ub511,linux-1-node-replSet-fle.2022-11,qe_range_testing_workloads_evergreen_experiment1_1_c0_s1_ub511 Storage Metrics,{"mongod": 0},20573.10273,16396714
65007a8ae3c33107e3204774,0,qe_range_testing_workloads_evergreen_experiment1_1_c0_s1_ub8191,linux-1-node-replSet-fle.2022-11,qe_range_testing_workloads_evergreen_experiment1_1_c0_s1_ub8191 Storage Metrics,{"mongod": 0},28616.49882,20228055
65007a8ae3c33107e3204774,0,qe_range_testing_workloads_evergreen_experiment1_1_c0_s2_ub131071,linux-1-node-replSet-fle.2022-11,qe_range_testing_workloads_evergreen_experiment1_1_c0_s2_ub131071 Storage Metrics,{"mongod": 0},24953.00845,19093345
65007a8ae3c33107e3204774,0,qe_range_testing_workloads_evergreen_experiment1_1_c0_s2_ub2147483647,linux-1-node-replSet-fle.2022-11,qe_range_testing_workloads_evergreen_experiment1_1_c0_s2_ub2147483647 Storage Metrics,{"mongod": 0},24889.22695,20765676
65007a8ae3c33107e3204774,0,qe_range_testing_workloads_evergreen_experiment1_1_c0_s2_ub511,linux-1-node-replSet-fle.2022-11,qe_range_testing_workloads_evergreen_experiment1_1_c0_s2_ub511 Storage Metrics,{"mongod": 0},21918.54965,16384861
65007a8ae3c33107e3204774,0,qe_range_testing_workloads_evergreen_experiment1_1_c0_s2_ub8191,linux-1-node-replSet-fle.2022-11,qe_range_testing_workloads_evergreen_experiment1_1_c0_s2_ub8191 Storage Metrics,{"mongod": 0},21333.07972,16365282
65007a8ae3c33107e3204774,0,qe_range_testing_workloads_evergreen_experiment1_1_c0_s4_ub131071,linux-1-node-replSet-fle.2022-11,qe_range_testing_workloads_evergreen_experiment1_1_c0_s4_ub131071 Storage Metrics,{"mongod": 0},27919.95188,20870038
65007a8ae3c33107e3204774,0,qe_range_testing_workloads_evergreen_experiment1_1_c0_s4_ub2147483647,linux-1-node-replSet-fle.2022-11,qe_range_testing_workloads_evergreen_experiment1_1_c0_s4_ub2147483647 Storage Metrics,{"mongod": 0},25646.07896,19142047
65007a8ae3c33107e3204774,0,qe_range_testing_workloads_evergreen_experiment1_1_c0_s4_ub511,linux-1-node-replSet-fle.2022-11,qe_range_testing_workloads_evergreen_experiment1_1_c0_s4_ub511 Storage Metrics,{"mongod": 0},20170.73478,16357016
65007a8ae3c33107e3204774,0,qe_range_testing_workloads_evergreen_experiment1_1_c0_s4_ub8191,linux-1-node-replSet-fle.2022-11,qe_range_testing_workloads_evergreen_experiment1_1_c0_s4_ub8191 Storage Metrics,{"mongod": 0},20994.1465,16384843
65007a8ae3c33107e3204774,0,qe_range_testing_workloads_evergreen_experiment1_1_c4_s1_ub131071,linux-1-node-replSet-fle.2022-11,qe_range_testing_workloads_evergreen_experiment1_1_c4_s1_ub131071 Storage Metrics,{"mongod": 0},21234.87971,16414247
65007a8ae3c33107e3204774,0,qe_range_testing_workloads_evergreen_experiment1_1_c4_s1_ub2147483647,linux-1-node-replSet-fle.2022-11,qe_range_testing_workloads_evergreen_experiment1_1_c4_s1_ub2147483647 Storage Metrics,{"mongod": 0},25444.87614,18801537
65007a8ae3c33107e3204774,0,qe_range_testing_workloads_evergreen_experiment1_1_c4_s1_ub511,linux-1-node-replSet-fle.2022-11,qe_range_testing_workloads_evergreen_experiment1_1_c4_s1_ub511 Storage Metrics,{"mongod": 0},26663.38763,19961159
65007a8ae3c33107e3204774,0,qe_range_testing_workloads_evergreen_experiment1_1_c4_s1_ub8191,linux-1-node-replSet-fle.2022-11,qe_range_testing_workloads_evergreen_experiment1_1_c4_s1_ub8191 Storage Metrics,{"mongod": 0},26807.80642,20314634
65007a8ae3c33107e3204774,1,qe_range_testing_workloads_evergreen_experiment1_1_c4_s2_ub131071,linux-1-node-replSet-fle.2022-11,qe_range_testing_workloads_evergreen_experiment1_1_c4_s2_ub131071 Storage Metrics,{"mongod": 0},21036.37428,16372551
65007a8ae3c33107e3204774,0,qe_range_testing_workloads_evergreen_experiment1_1_c4_s2_ub2147483647,linux-1-node-replSet-fle.2022-11,qe_range_testing_workloads_evergreen_experiment1_1_c4_s2_ub2147483647 Storage Metrics,{"mongod": 0},20386.97322,16414312
65007a8ae3c33107e3204774,0,qe_range_testing_workloads_evergreen_experiment1_1_c4_s2_ub511,linux-1-node-replSet-fle.2022-11,qe_range_testing_workloads_evergreen_experiment1_1_c4_s2_ub511 Storage Metrics,{"mongod": 0},25884.1528,19871955
65007a8ae3c33107e3204774,0,qe_range_testing_workloads_evergreen_experiment1_1_c4_s2_ub8191,linux-1-node-replSet-fle.2022-11,qe_range_testing_workloads_evergreen_experiment1_1_c4_s2_ub8191 Storage Metrics,{"mongod": 0},26851.65728,20492272
65007a8ae3c33107e3204774,0,qe_range_testing_workloads_evergreen_experiment1_1_c4_s4_ub131071,linux-1-node-replSet-fle.2022-11,qe_range_testing_workloads_evergreen_experiment1_1_c4_s4_ub131071 Storage Metrics,{"mongod": 0},18842.85405,16393571
65007a8ae3c33107e3204774,0,qe_range_testing_workloads_evergreen_experiment1_1_c4_s4_ub2147483647,linux-1-node-replSet-fle.2022-11,qe_range_testing_workloads_evergreen_experiment1_1_c4_s4_ub2147483647 Storage Metrics,{"mongod": 0},20182.62476,16393811
65007a8ae3c33107e3204774,0,qe_range_testing_workloads_evergreen_experiment1_1_c4_s4_ub511,linux-1-node-replSet-fle.2022-11,qe_range_testing_workloads_evergreen_experiment1_1_c4_s4_ub511 Storage Metrics,{"mongod": 0},27046.41853,21884652
65007a8ae3c33107e3204774,0,qe_range_testing_workloads_evergreen_experiment1_1_c4_s4_ub8191,linux-1-node-replSet-fle.2022-11,qe_range_testing_workloads_evergreen_experiment1_1_c4_s4_ub8191 Storage Metrics,{"mongod": 0},25557.04162,20225901
65007a8ae3c33107e3204774,0,qe_range_testing_workloads_evergreen_experiment1_1_c8_s1_ub131071,linux-1-node-replSet-fle.2022-11,qe_range_testing_workloads_evergreen_experiment1_1_c8_s1_ub131071 Storage Metrics,{"mongod": 0},28260.78567,21031899
65007a8ae3c33107e3204774,0,qe_range_testing_workloads_evergreen_experiment1_1_c8_s1_ub2147483647,linux-1-node-replSet-fle.2022-11,qe_range_testing_workloads_evergreen_experiment1_1_c8_s1_ub2147483647 Storage Metrics,{"mongod": 0},26987.1145,19883331
65007a8ae3c33107e3204774,0,qe_range_testing_workloads_evergreen_experiment1_1_c8_s1_ub511,linux-1-node-replSet-fle.2022-11,qe_range_testing_workloads_evergreen_experiment1_1_c8_s1_ub511 Storage Metrics,{"mongod": 0},26930.67095,21106187
65007a8ae3c33107e3204774,0,qe_range_testing_workloads_evergreen_experiment1_1_c8_s1_ub8191,linux-1-node-replSet-fle.2022-11,qe_range_testing_workloads_evergreen_experiment1_1_c8_s1_ub8191 Storage Metrics,{"mongod": 0},28569.69689,20930065
65007a8ae3c33107e3204774,0,qe_range_testing_workloads_evergreen_experiment1_1_c8_s2_ub131071,linux-1-node-replSet-fle.2022-11,qe_range_testing_workloads_evergreen_experiment1_1_c8_s2_ub131071 Storage Metrics,{"mongod": 0},28619.31887,20719879
65007a8ae3c33107e3204774,0,qe_range_testing_workloads_evergreen_experiment1_1_c8_s2_ub2147483647,linux-1-node-replSet-fle.2022-11,qe_range_testing_workloads_evergreen_experiment1_1_c8_s2_ub2147483647 Storage Metrics,{"mongod": 0},25924.85873,20777116
65007a8ae3c33107e3204774,1,qe_range_testing_workloads_evergreen_experiment1_1_c8_s2_ub511,linux-1-node-replSet-fle.2022-11,qe_range_testing_workloads_evergreen_experiment1_1_c8_s2_ub511 Storage Metrics,{"mongod": 0},19864.37018,16190572
65007a8ae3c33107e3204774,0,qe_range_testing_workloads_evergreen_experiment1_1_c8_s2_ub8191,linux-1-node-replSet-fle.2022-11,qe_range_testing_workloads_evergreen_experiment1_1_c8_s2_ub8191 Storage Metrics,{"mongod": 0},26465.44248,19909954
65007a8ae3c33107e3204774,0,qe_range_testing_workloads_evergreen_experiment1_1_c8_s4_ub131071,linux-1-node-replSet-fle.2022-11,qe_range_testing_workloads_evergreen_experiment1_1_c8_s4_ub131071 Storage Metrics,{"mongod": 0},29519.18672,21866779
65007a8ae3c33107e3204774,0,qe_range_testing_workloads_evergreen_experiment1_1_c8_s4_ub2147483647,linux-1-node-replSet-fle.2022-11,qe_range_testing_workloads_evergreen_experiment1_1_c8_s4_ub2147483647 Storage Metrics,{"mongod": 0},25874.43839,19165364
65007a8ae3c33107e3204774,0,qe_range_testing_workloads_evergreen_experiment1_1_c8_s4_ub511,linux-1-node-replSet-fle.2022-11,qe_range_testing_workloads_evergreen_experiment1_1_c8_s4_ub511 Storage Metrics,{"mongod": 0},24377.39563,19835653
65007a8ae3c33107e3204774,0,qe_range_testing_workloads_evergreen_experiment1_1_c8_s4_ub8191,linux-1-node-replSet-fle.2022-11,qe_range_testing_workloads_evergreen_experiment1_1_c8_s4_ub8191 Storage Metrics,{"mongod": 0},23224.0176,18797919
